﻿<?xml version="1.0" encoding="utf-8"?>
<DeviceRemover version="1.0">
  <ApplicationStartup>
    <CheckForNewDeviceRemoverReleasesOnStartup value="True" />
    <AllowSingleInstanceDeviceRemoverOnly value="True" />
    <ShowAlwaysCONSOLETOPMAXOnDeviceRemoverStartup value="True" />
    <ApplicationStartupProcessPriorityClass value="32" />
  </ApplicationStartup>
  <InternetConnection>
    <UseProxyServerForInternetConnection value="False" />
    <ProxyServerConnectionPort value="8080" />
    <ProxyServerIPOrDNSAddress value="localhost" />
    <ApplicationPreferredOnlineSearchEngine value="http://www.google.com/search?q=" />
    <ApplicationUpdateServers>
      <Server default="True" address="www.pro-it-education.de" port="80" />
    </ApplicationUpdateServers>
  </InternetConnection>
  <ApplicationUserInterface>
    <DontShowApplicationToolTipBallons value="True" />
    <ActivatePrivilegedOperationCheckDialog value="False" />
  </ApplicationUserInterface>
  <ApplicationSecurity>
    <ActivatePrivilegedOperationCheckDialog value="False" />
  </ApplicationSecurity>
  <ApplicationUserDefinedTools>
    <!--Sample entry for the user defined menu that will be build under "MainMenu"->"Tools"->"User defined Tools"
    Each tool XML Node entry will create a new menu Item under this menu in the main windows user defined tools menu.
    The Files path must be absolute and available or the menu will show a standard icon for the file and possibly
    wont execute the application if the xecutable cant be executed from the users and machines environment. Please
    take care with the entries and its settings!!! If you miss something or make any invalid entries the applications
    configuration file will be rendered useless!
    -->
    <!--
    <Tool name="Windows Explorer" path="C:\Windows\explorer.exe" parameters="" description="The Windows Explorer" />
    <Tool name="Mozilla Firefox with Google" path="C:\Program Files\Mozilla Firefox\firefox.exe" parameters="http://www.google.de" description="Open Firefox with Google" />
    -->
  </ApplicationUserDefinedTools>
</DeviceRemover>